title,description,content,url,publishedAt,clean_description,Sentiment_Polarity,Sentiment_Label
"I moved to New York City on a whim after almost a decade in Florida. Here are the 11 biggest surprises, so far.","After living in Florida for nearly a decade, I moved to New York on a whim, hoping to secure my career as a recent graduate in an uncertain economy.","The author moved to New York City from Florida a few months ago.Jiselle Lee
<ul><li>I moved to New York City after nearly a decade living in both South and North Florida.</li><li>I was surprised by … [+10666 chars]",https://www.businessinsider.com/moving-to-new-york-from-florida-things-that-surprised-me,2025-11-11T16:15:23Z,after living in florida for nearly a decade i moved to new york on a whim hoping to secure my career as a recent graduate in an uncertain economy,0.1590909090909091,Positive
Bangladesh's accession to the UN Water Convention has a ripple effect that could cause problems with India,"When Bangladesh became the first country in South Asia to join the U.N.'s Water Convention earlier this year, it was presented as a win-win.","When Bangladesh became the first country in South Asia to join the U.N.'s Water Convention earlier this year, it was presented as a win-win.
Signing up to the Convention on the Protection and Use of… [+8137 chars]",https://phys.org/news/2025-11-bangladesh-accession-convention-ripple-effect.html,2025-11-04T05:00:01Z,when bangladesh became the first country in south asia to join the uns water convention earlier this year it was presented as a winwin,0.125,Positive
Why India likely won’t return Hasina to face Bangladesh death penalty,"Bangladesh protesters applaud death penalty for former PM. But she is far from the gallows, in India.","New Delhi, India Shima Akhter, 24, was in the middle of football practice when her friend stopped the session to break some news for her: Sheikh Hasina, the fugitive former prime minister of Banglade… [+10549 chars]",https://www.aljazeera.com/features/2025/11/18/why-india-likely-wont-return-hasina-to-face-bangladesh-death-penalty,2025-11-18T04:57:47Z,bangladesh protesters applaud death penalty for former pm but she is far from the gallows in india,0.05,Neutral
Bangladesh expats win means to vote – could they sway the next election?,"They have had the right to vote for some time, but no system was established to allow them to take part in elections.","Dhaka, Bangladesh Long overlooked in Bangladeshs electoral system, millions of expatriates including migrant workers who underpin the nations economy will be able to vote in national elections for th… [+11100 chars]",https://www.aljazeera.com/features/2025/10/28/bangladesh-expats-win-means-to-vote-could-they-sway-the-next-election,2025-10-28T05:25:13Z,they have had the right to vote for some time but no system was established to allow them to take part in elections,0.2857142857142857,Positive
Bangladesh vs Pakistan live streams: Watch Asia Cup Rising Stars final from anywhere for *FREE*,How to watch Bangladesh vs Pakistan live streams – stream Asia Cup Rising Stars 2025 final free online and from anywhere in the world.,"On 23 November, Bangladesh A and the Pakistan Shaheens clash in the Final of the Asia Cup Rising Stars 2025 at Doha’s West End Park Stadium. Here's how to watch Bangladesh vs Pakistan live streams fo… [+5409 chars]",https://www.techradar.com/how-to-watch/cricket/watch-bangladesh-vs-pakistan-live-streams-asia-cup-rising-stars-final-free,2025-11-23T05:49:00Z,how to watch bangladesh vs pakistan live streams  stream asia cup rising stars 2025 final free online and from anywhere in the world,0.1787878787878788,Positive
Bangladesh's ousted PM Sheikh Hasina sentenced to death for student crackdown,"A Bangladesh war crimes court sentenced ousted prime minister Sheikh Hasina to death on Monday, concluding a months-long trial that found her guilty of ordering a deadly crackdown on a student-led uprising last year.","A Bangladesh war crimes court sentenced ousted Prime Minister Sheikh Hasina to death on Monday, concluding a months-long trial that found her guilty of ordering a deadly crackdown on a student-led up… [+5204 chars]",https://www.cbc.ca/news/world/bangladesh-tribunal-sentence-exiled-hasina-9.6981196,2025-11-17T09:57:22Z,a bangladesh war crimes court sentenced ousted prime minister sheikh hasina to death on monday concluding a monthslong trial that found her guilty of ordering a deadly crackdown on a studentled uprising last year,-0.2333333333333333,Negative
Daily Briefing: Crypto net and Trump tariffs,Also in today's edition: PM Modi delivers RNG lecture; Congress goes solo in BMC polls; AI for third graders; and more,"Good morning,Over Rs 600 crore, siphoned off from 3,000 victims, was laundered through at least 27 cryptocurrency exchanges. As part of The Coin Laundry, a global investigation project, The Indian Ex… [+5064 chars]",https://indianexpress.com/article/live-news/top-news-today-briefing-10371852/,2025-11-18T04:49:14Z,also in todays edition pm modi delivers rng lecture congress goes solo in bmc polls ai for third graders and more,0.25,Positive
"UPSC Key: Bangladesh’s request to extradite Hasina, Rare earth magnet scheme, and Digital sovereignty","UPSC current affairs: How is the Centre’s approval of the rare-earth magnet scheme important for your UPSC exam? What significance do topics such as digital sovereignty, Aravalli Hills, and Bill on a single higher education authority have for both the Prelimi…","Preliminary Examination: Current events of national and international importance
Mains Examination: General Studies-II: India and its neighbourhood- relations,  Bilateral, regional and global groupi… [+36230 chars]",https://indianexpress.com/article/upsc-current-affairs/upsc-key-extradite-hasina-rare-earth-magnet-digital-sovereignty-10389499/,2025-11-27T12:49:41Z,upsc current affairs how is the centres approval of the rareearth magnet scheme important for your upsc exam what significance do topics such as digital sovereignty aravalli hills and bill on a single higher education authority have for both the prelimi,0.09642857142857143,Neutral
Links 11/11/2025,"Our agitatin' daily links: Farmers Almanac RIP, chocolate and coffe endangered. China bear case, India rupee new low, Sudan humanitarian crisis, Panama invasion myths, Trump booed, IDF manpower shortage? Dem shutdown cave, gold rallies, Hegseth channels 1939,…","The Farmers Almanac says goodbye after 208 years Popular Science (resilc) :-(
Facing a spike in deadly bear attacks, Japan turns to the military and drones that bark CNN
James Watson, dead at 97, w… [+8128 chars]",https://www.nakedcapitalism.com/2025/11/links-11-11-2025.html,2025-11-11T11:55:13Z,our agitatin daily links farmers almanac rip chocolate and coffe endangered china bear case india rupee new low sudan humanitarian crisis panama invasion myths trump booed idf manpower shortage dem shutdown cave gold rallies hegseth channels 1939,0.04545454545454545,Neutral
"Global Money Supply Is Increasing, Supporting Bitcoin Price",The long-term trend continues to be supportive of new highs when Bitcoin is priced in money that can’t seem to find its way to controlling itself.,"WASHINGTON, DC - JULY 24: U.S. President Donald Trump and Federal Reserve Chair Jerome Powell tour the Federal Reserves $2.5 billion headquarters renovation project on July 24, 2025 in Washington, DC… [+4267 chars]",https://www.forbes.com/sites/digital-assets/2025/10/31/global-money-supply-is--increasing-supporting-bitcoin-price/,2025-10-31T21:57:37Z,the longterm trend continues to be supportive of new highs when bitcoin is priced in money that cant seem to find its way to controlling itself,0.3181818181818182,Positive
"In Bangladesh, continuing turmoil, a verdict foretold",The country is now witnessing a bitter struggle between the vanquished Awami League of Sheikh Hasina and the Interim Government,"The International Crimes Tribunal (ICT) will announce the final verdict on November 17 on the charges framed against Sheikh Hasina, the former prime minister of Bangladesh. Hasina has outrightly reje… [+2714 chars]",https://indianexpress.com/article/opinion/columns/in-bangladesh-continuing-turmoil-a-verdict-foretold-10369606/,2025-11-17T05:09:46Z,the country is now witnessing a bitter struggle between the vanquished awami league of sheikh hasina and the interim government,-0.1,Neutral
Agencies track trail: India to China via Dubai and Cambodia,"Sources told this newspaper that I4C has traced the footprints of these cyber-financial flows to five countries: Pakistan, China, Dubai (UAE), Cambodia and Myanmar.",Investigations by Indian authorities into how cryptocurrency is used to funnel money stolen through cybercrimes to transnational syndicates have led them to a recurring maze from anonymous digital wa… [+6210 chars],https://indianexpress.com/article/express-exclusive/agencies-cryptocurrency-track-trail-india-china-dubai-cambodia-10370123/,2025-11-17T05:53:13Z,sources told this newspaper that i4c has traced the footprints of these cyberfinancial flows to five countries pakistan china dubai uae cambodia and myanmar,0.0,Neutral
Over 700 Small and Medium-Sized US Businesses Decry Trump’s Tariffs in Supreme Court Brief,"We Pay the Tariffs, a grassroots coalition spanning a range of industries, has filed a “friend of the court” brief ahead of next week’s Supreme Court hearing...","Hundreds of American enterprises are throwing their weight behind the petitioners in the case against President Donald Trumps reciprocal tariffs.
We Pay the Tariffs, a grassroots coalition made up o… [+4643 chars]",https://sourcingjournal.com/topics/trade/us-small-medium-businesses-trump-tariffs-supreme-court-brief-1234786769/,2025-10-29T22:31:27Z,we pay the tariffs a grassroots coalition spanning a range of industries has filed a friend of the court brief ahead of next weeks supreme court hearing,0.0,Neutral
How Begin Went From Upstart Challenger To A Lead Role In Pakistan’s Streaming Sector,"EXCLUSIVE: Pakistan’s newest streamer on the block, Begin, has its sights set on the long term with a number of developments and deals in the offing just a year after launch. In an exclusive interview with Deadline about the MHL-owned service’s work to date a…","EXCLUSIVE:Pakistan‘s newest streamer on the block, Begin, has its sights set on the long term with a number of developments and deals in the offing just a year after launch.
In an exclusive intervie… [+7485 chars]",http://deadline.com/2025/11/begin-pakistan-streamer-ceo-interview-1236612418/,2025-11-11T12:32:45Z,exclusive pakistans newest streamer on the block begin has its sights set on the long term with a number of developments and deals in the offing just a year after launch in an exclusive interview with deadline about the mhlowned services work to date a,-0.05,Neutral
South Korea's trade chief charts path for surviving US-China competition,"GYEONGJU, South Korea (Reuters) -South Korea aims to deepen cooperation with the United States, stabilise supply chains with China, and diversify its trading...","By Jihoon Lee
GYEONGJU, South Korea (Reuters) -South Korea aims to deepen cooperation with the United States, stabilise supply chains with China, and diversify its trading partners to navigate globa… [+3645 chars]",https://www.yahoo.com/news/articles/south-koreas-trade-chief-charts-013635140.html,2025-10-29T01:36:35Z,gyeongju south korea reuters south korea aims to deepen cooperation with the united states stabilise supply chains with china and diversify its trading,0.0,Neutral
CIA Behind “Gen Z” Protests Worldwide?,"What do you get when you combine a ban on social media with a pro-Chinese or pro-Indian socialist government?
The post CIA Behind “Gen Z” Protests Worldwide? appeared first on Global Research.",What do you get when you combine a ban on social media with a pro-Chinese or pro-Indian socialist government? According to former Indian spy and National Security Guard Lucky Bisht you get a series o… [+6203 chars],https://www.globalresearch.ca/cia-behind-gen-z-protests-worldwide/5906153,2025-11-18T15:54:50Z,"what do you get when you combine a ban on social media with a prochinese or proindian socialist government
the post cia behind gen z protests worldwide appeared first on global research",-0.029166666666666674,Neutral
Technopolis Moscow Special Economic Zone Companies Triple Export Revenue in 2025,"From January to June 2025, resident companies of the Special Economic Zone (SEZ) exported products worth around 1 billion rubles, a 3.3-fold increase compared to the same period last year, Deputy Mayor of Moscow for Transport and Industry Maksim Liksutov repo…","The latest news and stories from Russia. Stay tuned for updates and breaking news on defense, politics, economy and more.
https://sputnikglobe.com/20251112/technopolis-moscow-special-economic-zone-c… [+4827 chars]",https://sputnikglobe.com/20251112/technopolis-moscow-special-economic-zone-companies-triple-export-revenue-in-2025-1123104899.html,2025-11-12T11:06:31Z,from january to june 2025 resident companies of the special economic zone sez exported products worth around 1 billion rubles a 33fold increase compared to the same period last year deputy mayor of moscow for transport and industry maksim liksutov repo,0.17142857142857143,Positive
Pick your Women's World Cup team of the tournament,"As the Women's World Cup reaches the final, pick your team of your tournament.","Select five of the players in the vote below to fulfil slots three to seven in your team. 
Ash Gardner (Australia): Innings: five, runs: 328, average: 82, strike-rate: 130.15, wickets: seven, econom… [+1655 chars]",https://www.bbc.com/sport/cricket/articles/cn0g5r64p83o,2025-10-31T09:32:33Z,as the womens world cup reaches the final pick your team of your tournament,0.0,Neutral
MBZUAI – Building Humanity’s Symbiotic Relationship With AI,"MBZUAI, UAE’s AI-only university, builds talent and open models for underserved languages, linking research, industry and policy for human-AI solutions to global problems","Central part of the MBZUA campus in Mazdar City, Abu Dhabi
Bryan Penprase
The Mohamed bin Zayed University of Artificial Intelligence (MBZUAI) is building global talent in AI to help solve some of … [+8166 chars]",https://www.forbes.com/sites/bryanpenprase/2025/10/27/mbzuai--building-humanitys-symbiotic-relationship-with-ai/,2025-10-27T19:48:48Z,mbzuai uaes aionly university builds talent and open models for underserved languages linking research industry and policy for humanai solutions to global problems,0.0,Neutral
Saikat Chakrabarti’s Plan for the Political Revolution,"AOC’s former chief of staff wants to primary the Democratic establishment.
The post Saikat Chakrabarti’s Plan for the Political Revolution appeared first on The Intercept.","Its the end of an era. Rep. Nancy Pelosi, D-Calif., who counts among her legacies in Congress successfully undercutting the push for Medicare for All, announced last week that she is retiring from Co… [+52812 chars]",https://theintercept.com/2025/11/14/podcast-pelosi-saikat-chakrabarti/,2025-11-14T11:00:00Z,"aocs former chief of staff wants to primary the democratic establishment
the post saikat chakrabartis plan for the political revolution appeared first on the intercept",0.17,Positive
"Transcript: Liz Ann Sonders, Chief Investment Strategist at Charles Schwab","The transcript from this week’s, MiB: Liz Ann Sonders, Chief Investment Strategist at Charles Schwab, is below. You can stream and download our full conversation, including any podcast extras, on Apple Podcasts, Spotify, YouTube, and Bloomberg. All of our ear…","The transcript from this weeks, MiB: Liz Ann Sonders, Chief Investment Strategist at Charles Schwab, is below.
You can stream and download our full conversation, including any podcast extras, on App… [+72949 chars]",https://ritholtz.com/2025/10/transcript-liz-ann-sonders-schwab/,2025-10-28T13:00:05Z,the transcript from this weeks mib liz ann sonders chief investment strategist at charles schwab is below you can stream and download our full conversation including any podcast extras on apple podcasts spotify youtube and bloomberg all of our ear,0.35,Positive
What if … the United Nations was disbanded next Friday?,Experts tell Al Jazeera what would happen if the world decided to get rid of its core institution next week.,"People have been asking What if forever. Over the next few months, Al Jazeera will explore some of the biggest challenges of our time and ask leading experts: What if 
Established 80 years ago in Oc… [+13912 chars]",https://www.aljazeera.com/features/2025/11/7/what-if-the-united-nations-was-disbanded-next-friday,2025-11-07T17:21:27Z,experts tell al jazeera what would happen if the world decided to get rid of its core institution next week,0.0,Neutral
Export orientation is hard work: Why India hasn't matched the success of other Asian powerhouses,"India was at par with China and Korea once, but its industrial story flagged. A new book unpacks why a labour-rich nation couldn’t get an export edge. Policy missteps, misaligned incentives and lost chances all conspired to dim our prospects of export-led gro…","The what ifs of Indian development are many and varied. Embarking on a kind of time travel, some observers will point out that India had a per capita income comparable to Koreas, say, some six decade… [+5337 chars]",https://www.livemint.com/opinion/online-views/india-economic-development-jobs-low-skilled-exports-china-economy-manufacturing-11762245897851.html,2025-11-05T07:00:10Z,india was at par with china and korea once but its industrial story flagged a new book unpacks why a labourrich nation couldnt get an export edge policy missteps misaligned incentives and lost chances all conspired to dim our prospects of exportled gro,0.11818181818181818,Positive
Bangladesh Braces for Verdict Against Ousted Leader in Exile,,"{ window.open(this.href, '_blank'); }, 200); return false;""&gt;Why is YouTube TV adding ESPN Unlimited for free? { window.open(this.href, '_blank'); }, 200); return false;""&gt;How did Peter Thiel's s… [+825 chars]",https://biztoc.com/x/666720fbf38c7aa4,2025-11-17T02:43:48Z,,0.0,Neutral
Who made your World Cup team of the tournament?,Find out which players made the cut into the BBC Sport team of the tournament for the Women's World Cup.,"BBC Sport readers have picked their team of the tournament for the Women's World Cup.
We asked you to pick an 11 which included two openers, five middle-order batters or all-rounders and four bowler… [+5693 chars]",https://www.bbc.com/sport/cricket/articles/c7813dw7189o,2025-11-02T19:41:48Z,find out which players made the cut into the bbc sport team of the tournament for the womens world cup,0.0,Neutral
Atmanirbharta in textiles,Policy tweaks for a level playing field,"Indias textile industry employs over 45 million people, making it the countrys second-largest employer after agriculture. Yet Indias share in global exports has stagnated at 3.9%, while smaller econo… [+5190 chars]",https://www.thehindubusinessline.com/opinion/atmanirbharta-in-textiles/article70318534.ece,2025-11-25T00:30:00Z,policy tweaks for a level playing field,0.0,Neutral
Bangladesh's ousted PM Sheikh Hasina sentenced to death for student uprising crackdown,,"{ window.open(this.href, '_blank'); }, 200); return false;""&gt;Why did Nvidia stock jump before earnings? { window.open(this.href, '_blank'); }, 200); return false;""&gt;How will Trump's tariff divide… [+715 chars]",https://biztoc.com/x/2a31d0a906337376,2025-11-17T13:30:10Z,,0.0,Neutral
"Pakistan, Bangladesh revive economic talks after 20 years","Pakistan and Bangladesh have resumed their economic dialogue after a twenty-year gap. A Joint Economic Commission meeting took place in Dhaka, signaling renewed efforts to boost cooperation. Both nations agreed to deepen ties across various sectors including …","New Delhi: Pakistan and Bangladesh on Monday held their Joint Economic Commission (JEC) meeting in Dhaka - the first in two decades - coinciding with the visit of General Shamshad Mirza, the second-h… [+1875 chars]",https://economictimes.indiatimes.com/news/international/world-news/pakistan-bangladesh-revive-economic-talks-after-20-years/articleshow/124881147.cms,2025-10-28T18:46:06Z,pakistan and bangladesh have resumed their economic dialogue after a twentyyear gap a joint economic commission meeting took place in dhaka signaling renewed efforts to boost cooperation both nations agreed to deepen ties across various sectors including,0.13333333333333333,Positive
Social and economic consequences of rising house prices are here to stay,"The nation has not yet embraced the idea that housing needs to be more affordable, or that it's the most important economic and social issue facing the country.","When the Reserve Bank announces on Melbourne Cup Day that interest rates are staying where they are because inflation is too high again, the general response will be that it's a blow to mortgage hold… [+8294 chars]",https://www.abc.net.au/news/2025-11-03/house-prices-increase-again-mortgages-rba-interest-rate-decision/105962246,2025-11-02T18:38:10Z,the nation has not yet embraced the idea that housing needs to be more affordable or that its the most important economic and social issue facing the country,0.32666666666666666,Positive
"Tariffs, Tech Wars, and Patent Turmoil: Navigating IP Strategy in a Rapidly Changing World | IPWatchdog Unleashed","This week on IPWatchdog Unleashed we tackle the impact of tariffs and geopolitical uncertainty on intellectual property (IP) strategy, budgets and patent portfolios.  In today's fast-paced global economy, intellectual property (IP) teams face unprecedented ch…","This week on IPWatchdog Unleashed we tackle the impact of tariffs and geopolitical uncertainty on intellectual property (IP) strategy, budgets and patent portfolios.
In today’s fast-paced global eco… [+6449 chars]",https://ipwatchdog.com/2025/10/28/tariffs-tech-patent-turmoil/,2025-10-28T11:15:45Z,this week on ipwatchdog unleashed we tackle the impact of tariffs and geopolitical uncertainty on intellectual property ip strategy budgets and patent portfolios  in todays fastpaced global economy intellectual property ip teams face unprecedented ch,0.3,Positive
Bangladesh’s accession to the UN Water Convention has a ripple effect that could cause problems with India,Bangladesh’s ratification of the UN Water Convention could increase the nation’s legal clout in transboundary water governance.,"A boat crosses the Buriganga River in Dhaka, Bangladesh, on Oct. 5, 2025. MD Abu Sufian Jewel/NurPhoto via Getty Images
When Bangladesh became the first country in South Asia to join the U.N.’s Wate… [+7991 chars]",https://theconversation.com/bangladeshs-accession-to-the-un-water-convention-has-a-ripple-effect-that-could-cause-problems-with-india-264969,2025-11-03T13:14:15Z,bangladeshs ratification of the un water convention could increase the nations legal clout in transboundary water governance,0.2,Positive
Pakistan is slipping further away from democracy—It will regret letting its army rule it,Pakistan hasn’t seen tanks on the streets or a dramatic coup—but power has clearly shifted. A constitutional change granting army chief Asim Munir sweeping authority signals a takeover enabled by civilian leaders themselves. Is there any hope for democracy?,"Its usually easy to know when a country has fallen to military dictatorship. Tanks on the streets, uniforms in gilded palaces, the political class interned en masse. Sometimes, however, the takeover … [+4902 chars]",https://www.livemint.com/opinion/online-views/pakistan-democracy-army-asim-munir-shehbaz-sharif-coup-military-defence-11763713982773.html,2025-11-21T08:56:16Z,pakistan hasnt seen tanks on the streets or a dramatic coupbut power has clearly shifted a constitutional change granting army chief asim munir sweeping authority signals a takeover enabled by civilian leaders themselves is there any hope for democracy,-0.16666666666666669,Negative
You Don’t Have to Be a Lefty to Stand with Venezuela,"Once upon a time, not so long ago, I was a goddamn commie, and I’m not talking Bernie Sanders here. I’m talking hardcore, blood-red, dyed-in-the-wool, revolutionary Marxism. I was a goddamn tankie and while I quoted Lenin and defended Putin, I tended to look …","Image by Meg Jenson.
Once upon a time, not so long ago, I was a goddamn commie, and I’m not talking Bernie Sanders here. I’m talking hardcore, blood-red, dyed-in-the-wool, revolutionary Marxism. I w… [+10791 chars]",https://www.counterpunch.org/2025/11/14/you-dont-have-to-be-a-lefty-to-stand-with-venezuela/,2025-11-14T06:02:09Z,once upon a time not so long ago i was a goddamn commie and im not talking bernie sanders here im talking hardcore bloodred dyedinthewool revolutionary marxism i was a goddamn tankie and while i quoted lenin and defended putin i tended to look,-0.05,Neutral
Supreme Court prepares to weigh tariffs fight in test of Trump's power,The Supreme Court will consider Wednesday whether a federal emergency powers law gives President Trump the authority to impose his most sweeping tariffs.,"Washington — For Lindsay Hagerman, the past few months have felt tumultuous.
As the co-owner of the Pennsylvania-based RainCaper, which sells art-inspired travel accessories and gifts, Hagerman has … [+16295 chars]",https://www.cbsnews.com/news/supreme-court-to-weigh-trump-tariffs/,2025-11-04T11:00:12Z,the supreme court will consider wednesday whether a federal emergency powers law gives president trump the authority to impose his most sweeping tariffs,0.5,Positive
La Vie Hotels & Resorts Secures Management Rights for Lindeman Island’s New Luxury Resort,"La Vie Hotels & Resorts, one of Asia-Pacific’s leading independent hotel management companies, is proud to announce it has secured the management rights for the highly anticipated Lindeman Island Hotel project in Queensland’s Whitsundays.","La Vie Hotels &amp; Resorts, one of Asia-Pacifics leading independent hotel management companies, is proud to announce it has secured the management rights for the highly anticipated Lindeman Island … [+4574 chars]",https://www.hospitalitynet.org/news/4129771.html,2025-11-13T09:10:22Z,la vie hotels  resorts one of asiapacifics leading independent hotel management companies is proud to announce it has secured the management rights for the highly anticipated lindeman island hotel project in queenslands whitsundays,0.32,Positive
Analysis-Hasina's death sentence sets stage for volatile Bangladesh vote,"DHAKA (Reuters) -A Bangladeshi court's decision to sentence exiled former Prime Minister Sheikh Hasina to death has done little to heal a nation scarred by her long rule and last year's bloody crackdown against student-led, anti-government protests. Read full…",DHAKA (Reuters) -A Bangladeshi courts decision to sentence exiled former Prime Minister Sheikh Hasina to death has done little to heal a nation scarred by her long rule and last years bloody crackdow… [+4914 chars],https://www.thestar.com.my/news/world/2025/11/18/analysis-hasina039s-death-sentence-sets-stage-for-volatile-bangladesh-vote,2025-11-18T13:31:00Z,dhaka reuters a bangladeshi courts decision to sentence exiled former prime minister sheikh hasina to death has done little to heal a nation scarred by her long rule and last years bloody crackdown against studentled antigovernment protests read full,-0.11458333333333336,Negative
EU lawmakers vote to water down sustainable business rules,The EU parliament’s biggest centre-right bloc joined forces with the hard right to back amending the legislation on corporate sustainability.,"EUROPEAN LAWMAKERS HAVE voted to back the weakening of landmark EU environmental and human rights rules, as part of a business-friendly drive to slash red tape pushed through with far-right support.… [+5171 chars]",https://www.thejournal.ie/eu-lawmakers-vote-weaken-corporate-sustainability-rules-6874165-Nov2025/,2025-11-13T21:39:20Z,the eu parliaments biggest centreright bloc joined forces with the hard right to back amending the legislation on corporate sustainability,-0.0014880952380952467,Neutral
Mamdani and the big lie about the true realities in the Welfare State,The mayor-elect is spinning his wheels as he gaslights New Yorkers while pretending to recreate the wheel. Opinion.,"Economics and economies determine the fate of kingdoms, empires, nations, states and cities. It's a very serious subject and we don't need Mamdani to remind us of that!
The American Revolution of 17… [+14462 chars]",https://www.israelnationalnews.com/news/418253,2025-11-24T05:09:00Z,the mayorelect is spinning his wheels as he gaslights new yorkers while pretending to recreate the wheel opinion,0.13636363636363635,Positive
Marks & Spencer Launches Re:Spark to Ignite Renewable Electricity Adoption Across Its Fashion Supply Chain,"Marks & Spencer, a major British multinational retailer, has today announced the launch of RE:Spark, a new supply chain decarbonization programme developed in partnership with Schneider Electric, a global energy technology leader. The announcement was unveile…","Marks &amp; Spencer, a major British multinational retailer, has today announced the launch of RE:Spark, a new supply chain decarbonization programme developed in partnership with Schneider Electric,… [+3435 chars]",https://www.globenewswire.com/news-release/2025/11/19/3191127/0/en/Marks-Spencer-Launches-Re-Spark-to-Ignite-Renewable-Electricity-Adoption-Across-Its-Fashion-Supply-Chain.html,2025-11-19T15:00:00Z,marks  spencer a major british multinational retailer has today announced the launch of respark a new supply chain decarbonization programme developed in partnership with schneider electric a global energy technology leader the announcement was unveile,0.05977272727272727,Neutral
"Welcome Back Inflation! Thanks to Trump, Soon You’ll Be Bigger Than Ever!","In 2024, candidate Donald Trump promised that “a vote for Trump means your groceries will be cheaper
.” “Prices will come down
,” he vowed, “and they’ll come down fast, with everything.” “When I win,” he pledged, “I will immediately bring prices down
, sta…","In 2024, candidate Donald Trump promised that a vote for Trump means your groceries will be cheaper
. 
Prices will come down
, he vowed, and theyll come down fast, with everything. 
When I win, h… [+4480 chars]",https://www.commondreams.org/opinion/trump-policies-increase-inflation,2025-11-06T15:52:20Z,"in 2024 candidate donald trump promised that a vote for trump means your groceries will be cheaper
 prices will come down
 he vowed and theyll come down fast with everything when i win he pledged i will immediately bring prices down
 sta",0.10666666666666666,Positive
Why Trump’s White Refugee Gambit Could Backfire,"The president is shutting the door to millions seeking refugee status—but reportedly seeking preferences for white South Africans, English speakers, and Europeans who oppose migration. He may be in for a surprise.  
The post Why Trump’s White Refugee Gambit C…","On October 31, President Donald Trump announced that in 2026, the United States will allow only 7,500 refugees to enter the country, marking the most drastic limitation on refugees since the United S… [+8296 chars]",http://washingtonmonthly.com/2025/11/19/trump-white-refugee-gambit-will-backfire/,2025-11-19T10:00:00Z,"the president is shutting the door to millions seeking refugee statusbut reportedly seeking preferences for white south africans english speakers and europeans who oppose migration he may be in for a surprise  
the post why trumps white refugee gambit c",0.0,Neutral
Can Tutoring—and Technology—Finally Solve Bloom’s Two Sigma Problem?,"Tutoring and technology are revolutionizing education, addressing Bloom's two sigma problem with scalable, cost-effective, high-impact solutions.
The post Can Tutoring—and Technology—Finally Solve Bloom’s Two Sigma Problem? appeared first on Getting Smart.","By: Harry Anthony Patrinos, Lelys Dinarte, James Gresham, Renata Freitas Lemos, Rony Rodrigo Maximiliano Rodriguez Ramirez
In education research, few findings have been as provocativeor as frustrati… [+12418 chars]",https://www.gettingsmart.com/2025/11/25/can-tutoring-and-technology-finally-solve-blooms-two-sigma-problem/,2025-11-25T10:15:00Z,"tutoring and technology are revolutionizing education addressing blooms two sigma problem with scalable costeffective highimpact solutions
the post can tutoringand technologyfinally solve blooms two sigma problem appeared first on getting smart",0.23214285714285715,Positive
Why Pakistan may regret letting the Army back in,"Pakistan's military, the ""establishment,"" has subtly consolidated power, culminating in recent constitutional changes granting army chief Asim Munir extensive authority and lifelong immunity. Civilian leaders, including the Prime Minister and President, have …","Its usually easy to know when a country has fallen to military dictatorship. Tanks on the streets, uniforms in gilded palaces, the political class interned en masse. Sometimes, however, the takeover … [+4851 chars]",https://economictimes.indiatimes.com/news/defence/asim-munir-why-pakistan-may-regret-letting-the-army-back-in/articleshow/125451883.cms,2025-11-20T03:08:27Z,pakistans military the establishment has subtly consolidated power culminating in recent constitutional changes granting army chief asim munir extensive authority and lifelong immunity civilian leaders including the prime minister and president have,-0.10666666666666666,Negative
Marks & Spencer Launches Re:Spark to Ignite Renewable Electricity Adoption Across Its Fashion Supply Chain,"Marks & Spencer, a major British multinational retailer, has today announced the launch of RE:Spark, a new supply chain decarbonization programme developed in partnership with Schneider Electric, a global energy technology leader. The announcement was unveile…","Marks &amp; Spencer, a major British multinational retailer, has today announced the launch of RE:Spark, a new supply chain decarbonization programme developed in partnership with Schneider Electric,… [+5627 chars]",https://financialpost.com/globe-newswire/marks-spencer-launches-respark-to-ignite-renewable-electricity-adoption-across-its-fashion-supply-chain,2025-11-19T15:00:38Z,marks  spencer a major british multinational retailer has today announced the launch of respark a new supply chain decarbonization programme developed in partnership with schneider electric a global energy technology leader the announcement was unveile,0.05977272727272727,Neutral
Treasury Tightens Sanctions on Iran's Oil Network Supporting its Military,"Today, the U.S. Department of the Treasury's Office of Foreign Assets Control (OFAC) is sanctioning a network of front companies and shipping facilitators that bankroll the Iranian armed forces by selling crude oil. Following its defeat in the 12-Day War with…","U.S. Department of the Treasury
November 20, 2025 
WASHINGTON -- Today, the U.S. Department of the Treasury's Office of Foreign Assets Control (OFAC) is sanctioning a network of front companies and… [+20518 chars]",https://www.globalsecurity.org/wmd/library/news/iran/2025/11/iran-251120-treasury01.htm,2025-11-21T08:17:45Z,today the us department of the treasurys office of foreign assets control ofac is sanctioning a network of front companies and shipping facilitators that bankroll the iranian armed forces by selling crude oil following its defeat in the 12day war with,-0.27499999999999997,Negative
How tariffs and AI are giving secondhand platforms like ThredUp a boost,"Tariffs are driving shoppers to resale platforms in the U.S., and companies like ThredUp are cashing in.","At ThredUp's 600,000-square-foot warehouse in Suwanee, Georgia, roughly 40,000 pieces of used clothing are processed each day. The company's logistics network four facilities across the U.S. now riva… [+2957 chars]",https://www.cnbc.com/2025/11/15/why-thredup-and-the-secondhand-retail-market-is-booming-in-the-us.html,2025-11-15T14:00:01Z,tariffs are driving shoppers to resale platforms in the us and companies like thredup are cashing in,0.0,Neutral
"MoU signed with Gujarat maritime board for investment of Rs 17,000 crore",A Memorandum of Understanding (MoU) for a capital investment of Rs 17 thousand crores was signed by Gujarat Maritime Board and Gujarat Pipavav Port Limited (APM Terminals) in Gandhinagar on Wednesday in the inspiring presence of Chief Minister Patel and AP Mo…,"In line with the vision of 'Samudra Se Samriddhi' given by Prime Minister Narendra Modi, the Gujarat government, under the leadership of Chief Minister Bhupendra Patel, has taken an important step to… [+3153 chars]",https://economictimes.indiatimes.com/industry/transportation/shipping-/-transport/mou-signed-with-gujarat-maritime-board-for-investment-of-rs-17000-crore/articleshow/124910500.cms,2025-10-29T16:37:36Z,a memorandum of understanding mou for a capital investment of rs 17 thousand crores was signed by gujarat maritime board and gujarat pipavav port limited apm terminals in gandhinagar on wednesday in the inspiring presence of chief minister patel and ap mo,0.2142857142857143,Positive
Textile Market Size to Surpass USD 2.01 Trillion by 2034,"According to Towards Chemical and Materials Consulting, the global textile market size is calculated at USD 1.39 trillion in 2025 and is expected to surpass around USD 2.01 trillion by 2034, growing at a CAGR of 4.24% from 2025 to 2034. According to Towards C…","Ottawa, Nov. 07, 2025 (GLOBE NEWSWIRE) -- The global textile market
 size was valued at USD 1.33 trillion in 2024 and is anticipated to reach around USD 2.01 trillion by 2034, growing at a compound … [+27997 chars]",https://www.globenewswire.com/news-release/2025/11/07/3183580/0/en/Textile-Market-Size-to-Surpass-USD-2-01-Trillion-by-2034.html,2025-11-07T12:38:00Z,according to towards chemical and materials consulting the global textile market size is calculated at usd 139 trillion in 2025 and is expected to surpass around usd 201 trillion by 2034 growing at a cagr of 424 from 2025 to 2034 according to towards c,-0.05,Neutral
Skeptical Science New Research for Week #43 2025,"Open access notables
Hourly Precipitation Intensities at 4-km Resolution Show Statistically Significant Increasing Trends From 1991 to 2022 in the CONUS-404 Hydroclimate Reanalysis, Guilloteau et al., Geophysical Research Letters

Trends in hourly and daily p…","Posted on 30 October 2025 by Doug Bostrom, Marc Kodack
Open access notables
Hourly Precipitation Intensities at 4-km Resolution Show Statistically Significant Increasing Trends From 1991 to 2022 in… [+44028 chars]",https://skepticalscience.com/new_research_2025_44.html,2025-10-30T05:35:03Z,"open access notables
hourly precipitation intensities at 4km resolution show statistically significant increasing trends from 1991 to 2022 in the conus404 hydroclimate reanalysis guilloteau et al geophysical research letters

trends in hourly and daily p",0.125,Positive
"Pasta Market Forecast and Company Analysis Report 2025-2033: Recent Developments, Strategy, Sustainability Benchmarking, Product Launch, Key Persons and Revenue","The global pasta market is projected to soar from US$ 27.79 billion in 2024 to a remarkable US$ 39.13 billion by 2033, driven by a CAGR of 3.88%. This growth is fueled by the demand for convenient, quick-to-prepare meals amid modern fast-paced lifestyles. Pas…","Dublin, Nov. 10, 2025 (GLOBE NEWSWIRE) -- The ""Pasta Market Company Analysis, Forecast by Recent Developments, Strategy, Sustainability Benchmarking, Product Launch, Key Persons and Revenue"" report h… [+12212 chars]",https://www.globenewswire.com/news-release/2025/11/10/3184673/28124/en/Pasta-Market-Forecast-and-Company-Analysis-Report-2025-2033-Recent-Developments-Strategy-Sustainability-Benchmarking-Product-Launch-Key-Persons-and-Revenue.html,2025-11-10T14:13:00Z,the global pasta market is projected to soar from us 2779 billion in 2024 to a remarkable us 3913 billion by 2033 driven by a cagr of 388 this growth is fueled by the demand for convenient quicktoprepare meals amid modern fastpaced lifestyles pas,0.31666666666666665,Positive
"India Cement Industry Report 2025: Market to Grow by 6.6% to Reach $18.39 Billion this Year - Portland, Blended, Specialty, and Green Cement Forecast to 2029","India's cement market is bolstered by infrastructure and affordable housing projects like Bharatmala and PM Awas Yojana, while Tier-II urbanization fuels demand. Opportunities lie in green product innovation, strategic acquisitions, and digital transformation…","Dublin, Nov. 20, 2025 (GLOBE NEWSWIRE) -- The ""India Cement Industry Size &amp; Forecast by Value and Volume Across 80+ Market Segments by Cement Products, Distribution Channel, Market Share, Import … [+10385 chars]",https://www.globenewswire.com/news-release/2025/11/20/3192077/28124/en/India-Cement-Industry-Report-2025-Market-to-Grow-by-6-6-to-Reach-18-39-Billion-this-Year-Portland-Blended-Specialty-and-Green-Cement-Forecast-to-2029.html,2025-11-20T14:47:00Z,indias cement market is bolstered by infrastructure and affordable housing projects like bharatmala and pm awas yojana while tierii urbanization fuels demand opportunities lie in green product innovation strategic acquisitions and digital transformation,-0.1,Neutral
"South Korea Cement Industry Report 2025: Market to Grow by 4.9% to Reach $6.16 Billion this Year - Portland, Blended, Specialty, and Green Cement Forecast to 2029","South Korea's cement market growth is driven by government-backed infrastructure and industrial retrofitting, despite weak residential demand. Opportunities exist in carbon capture innovation, low-carbon cement for public procurement, and export expansion. Ch…","Dublin, Nov. 20, 2025 (GLOBE NEWSWIRE) -- The ""South Korea Cement Industry Size &amp; Forecast by Value and Volume Across 80+ Market Segments by Cement Products, Distribution Channel, Market Share, I… [+10458 chars]",https://www.globenewswire.com/news-release/2025/11/20/3192142/28124/en/South-Korea-Cement-Industry-Report-2025-Market-to-Grow-by-4-9-to-Reach-6-16-Billion-this-Year-Portland-Blended-Specialty-and-Green-Cement-Forecast-to-2029.html,2025-11-20T15:34:00Z,south koreas cement market growth is driven by governmentbacked infrastructure and industrial retrofitting despite weak residential demand opportunities exist in carbon capture innovation lowcarbon cement for public procurement and export expansion ch,-0.1875,Negative
Gist of The Hindu : OCTOBER-2025,Gist of The Hindu: OCTOBER-2025,"Gist of The Hindu: OCTOBER-2025
The Hindu Current Affairs Week-1  (Free Available)
The Hindu Current Affairs Week-2  (Only For The Subscribed Members)
The Hindu Current Affairs Week-3  (Only For T… [+33732 chars]",https://iasexamportal.com/the-gist/the-hindu-october-2025,2025-11-05T14:44:25Z,gist of the hindu october2025,0.0,Neutral
Gold Reserves by Country,"************************************************************ DATA FROM https://tradingeconomics.com/country-list/gold-reserves Tonne = 2,204.6 US Pounds *************************************************************** Country Last Previous Reference Unit =====…","Skip to comments.
Gold Reserves by Countrywww.bullionbypost.com ^
 | As of June 2025 except as noted
 | Staff
Posted on 10/31/2025 5:20:45 AM PDT by Red Badger
**********************************… [+4246 chars]",https://freerepublic.com/focus/f-chat/4349787/posts,2025-10-31T12:20:45Z,data from httpstradingeconomicscomcountrylistgoldreserves tonne  22046 us pounds  country last previous reference unit,-0.08333333333333333,Neutral
"‘Leave no one behind’: As wealth gap widens, UN calls for new industrial deal for world’s poorest","Ministers and leaders from across the world’s 44 least developed countries have pledged to accelerate industrialisation that benefits all, and strengthen resilience in the face of global challenges, at an international UN conference in Riyadh, Saudi Arabia. 
…","First, we need to end the war. Then, we have to restart the factories, says Basher Abdullah, advisor to Sudans Minister of Industry and Trade.  
Like many of the worlds poorest countries, Sudans att… [+3360 chars]",https://news.un.org/en/story/2025/11/1166430,2025-11-22T12:00:00Z,ministers and leaders from across the worlds 44 least developed countries have pledged to accelerate industrialisation that benefits all and strengthen resilience in the face of global challenges at an international un conference in riyadh saudi arabia,-0.049999999999999996,Neutral
"G20, COP30 and More Mickey-Mouse Multilateralism to Come","The third weekend in November offered the world two disastrous days for solving polycrisis problems, starting in the Brazilian Amazon city of Belém at the United Nations climate summit (‘COP30’) on November 22, just as South African President Cyril Ramaphosa …","Protest march led by Trevor Ngwane, United Front, from Soweto to the G20 conference center in Johannesburg (November 23). Photo: Premilla Mur.
The third weekend in November offered the world two dis… [+33154 chars]",https://www.counterpunch.org/2025/11/26/g20-cop30-and-more-mickey-mouse-multilateralism-to-come/,2025-11-26T06:56:02Z,the third weekend in november offered the world two disastrous days for solving polycrisis problems starting in the brazilian amazon city of belém at the united nations climate summit cop30 on november 22 just as south african president cyril ramaphosa,-0.175,Negative
YSE students join global climate talks at COP30,"YSE students will play active roles in discussions on climate adaptation, finance, and resilience — working with delegations from global NGOs and countries such as Kazakhstan, Pakistan, and&nbsp;Bhutan.","When Almira Azhibekova 27 MEM arrives in Belém, Brazil, for COP30, she wont just be observing from the sidelines. As part of Kazakhstans official delegation with the Ministry of Ecology and Natural R… [+6139 chars]",https://environment.yale.edu/news/article/yse-students-join-global-climate-talks-cop30,2025-11-06T20:56:35Z,yse students will play active roles in discussions on climate adaptation finance and resilience  working with delegations from global ngos and countries such as kazakhstan pakistan andnbspbhutan,-0.044444444444444446,Neutral
Skeptical Science New Research for Week #47 2025,"Open access notables

Observed changes in the temperature and height of the globally resolved lapserate tropopause, Ladstädter et al., Atmospheric Chemistry and Physic

The tropopause is a key indicator of atmospheric climate change, influenced by both the tr…","Posted on 20 November 2025 by Doug Bostrom, Marc Kodack
Open access notables
Observed changes in the temperature and height of the globally resolved lapserate tropopause, Ladstädter et al., Atmosph… [+38321 chars]",https://skepticalscience.com/new_research_2025_47.html,2025-11-20T07:20:19Z,"open access notables

observed changes in the temperature and height of the globally resolved lapserate tropopause ladstädter et al atmospheric chemistry and physic

the tropopause is a key indicator of atmospheric climate change influenced by both the tr",0.0,Neutral
"Cutting-Edge Issues in Development – Student Reflections on A Feminist Agenda for Social Change with Naila Kabeer, Diane Elson and Ania Plomien","On 14 November, Naila Kabeer, Diane Elson and Ania Plomien joined James Putzel on the Cutting-Edge Issues in Development series to discuss “A Feminist Agenda for Social Change: From Deregulated … Continued
The post Cutting-Edge Issues in Development – Student…","On 14 November, Naila Kabeer, Diane Elson and Ania Plomienjoined James Putzel on the Cutting-Edge Issues in Development series to discuss “A Feminist Agenda for Social Change: From Deregulated Market… [+10120 chars]",https://blogs.lse.ac.uk/internationaldevelopment/2025/11/19/cutting-edge-issues-in-development-student-reflections-on-a-feminist-agenda-for-social-change-with-naila-kabeer-diane-elson-and-ania-plomien/,2025-11-19T12:53:20Z,"on 14 november naila kabeer diane elson and ania plomien joined james putzel on the cuttingedge issues in development series to discuss a feminist agenda for social change from deregulated  continued
the post cuttingedge issues in development  student",0.03333333333333333,Neutral
"Exclusive-Ahead of Hasina court verdict, son warns of Bangladesh violence if party ban stays","NEW DELHI (Reuters) -The son and adviser of ousted Bangladesh Prime Minister Sheikh Hasina said on Sunday that supporters of her Awami League would block February's national election if a ban on the party was not lifted, warning that protests could escalate i…",NEW DELHI (Reuters) -The son and adviser of ousted Bangladesh Prime Minister Sheikh Hasina said on Sunday that supporters of her Awami League would block Februarys national election if a ban on the p… [+3952 chars],https://www.thestar.com.my/news/world/2025/11/17/exclusive-ahead-of-hasina-court-verdict-son-warns-of-bangladesh-violence-if-party-ban-stays,2025-11-16T18:02:00Z,new delhi reuters the son and adviser of ousted bangladesh prime minister sheikh hasina said on sunday that supporters of her awami league would block februarys national election if a ban on the party was not lifted warning that protests could escalate i,0.13636363636363635,Positive
Bangladesh's Sheikh Hasina warns of mass voter boycott as her party barred from election,"NEW DELHI/DHAKA (Reuters) -Millions of supporters of Bangladesh's Awami League will boycott next year's national election, after the party was barred from contesting the polls, ousted Prime Minister Sheikh Hasina told Reuters on Wednesday from her exile in Ne…","NEW DELHI/DHAKA (Reuters) -Millions of supporters of Bangladeshs Awami League will boycott next years national election, after the party was barred from contesting the polls, ousted Prime Minister Sh… [+4724 chars]",https://www.thestar.com.my/news/world/2025/10/29/bangladesh039s-sheikh-hasina-warns-of-mass-voter-boycott-as-her-party-barred-from-election,2025-10-29T07:02:00Z,new delhidhaka reuters millions of supporters of bangladeshs awami league will boycott next years national election after the party was barred from contesting the polls ousted prime minister sheikh hasina told reuters on wednesday from her exile in ne,0.06818181818181818,Neutral
‘We are divided and fighting each other’: Is Bangladesh’s Gen Z revolution falling apart?,"More than a year since prime minister Sheikh Hasina was deposed, the movement is losing hope","For eight years, Mir Ahmad bin Quasem was imprisoned in complete darkness and isolation, bitten endlessly by mosquitoes and with cockroaches and rats scouring his body. There was nothing I could do, … [+11697 chars]",https://www.irishtimes.com/world/asia-pacific/2025/11/10/we-are-divided-and-fighting-each-other-is-bangladeshs-gen-z-revolution-falling-apart/,2025-11-10T06:00:00Z,more than a year since prime minister sheikh hasina was deposed the movement is losing hope,0.5,Positive
"Can data assetization drive high-quality enterprise development?—Evidence from China’s “Specialized, refined, unique, and innovative” SMEs","Data assetization empowers the high-quality development of “Specialized, Refined, Distinctive, and Innovative” (SRDI) small and medium-sized enterprises (SMEs) by enhancing organizational performance and driving innovation. Based on this, this study selects S…","Citation: Li L, Zhu J (2025) Can data assetization drive high-quality enterprise development?Evidence from Chinas Specialized, refined, unique, and innovative SMEs. PLoS One 20(11):
 e0335903.
http… [+58529 chars]",https://journals.plos.org/plosone/article?id=10.1371/journal.pone.0335903,2025-11-07T14:00:00Z,data assetization empowers the highquality development of specialized refined distinctive and innovative srdi small and mediumsized enterprises smes by enhancing organizational performance and driving innovation based on this this study selects s,0.125,Positive
CEO greed and corporate technological innovation: Analyst coverage as an external governance mechanism in China’s A-share market,"As the Fourth Industrial Revolution advances, technological innovation has emerged as a key driver for firms to shape core competitiveness. The corporate governance literature recognizes CEO personality traits as key determinants of a firm’s technological inn…","Abstract
As the Fourth Industrial Revolution advances, technological innovation has emerged as a key driver for firms to shape core competitiveness. The corporate governance literature recognizes CE… [+70224 chars]",https://journals.plos.org/plosone/article?id=10.1371/journal.pone.0337179,2025-11-25T14:00:00Z,as the fourth industrial revolution advances technological innovation has emerged as a key driver for firms to shape core competitiveness the corporate governance literature recognizes ceo personality traits as key determinants of a firms technological inn,0.0,Neutral
CattleNet-XAI: An explainable CNN framework for efficient cattle weight estimation,"Accurate estimation of cattle weight is essential for effective farm management, health assessment, and productivity optimization. Traditional manual methods for weight estimation, however, are labor-intensive, time-consuming, and prone to inaccuracies. Recen…","1 Introduction
Livestock is essential to the agricultural economy in Bangladesh, serving various functions in the lives of countless farmers. With an estimated 23.78 million cattle, livestock is ess… [+70541 chars]",https://journals.plos.org/plosone/article?id=10.1371/journal.pone.0336434,2025-11-13T14:00:00Z,accurate estimation of cattle weight is essential for effective farm management health assessment and productivity optimization traditional manual methods for weight estimation however are laborintensive timeconsuming and prone to inaccuracies recen,0.25,Positive
Seeing is believing: Understanding the experiences and needs of marginalized communities living through successive disasters using photovoice,"Introduction Reports indicate increasing prevalence rates of successive natural disasters, and the negative impact on existing infrastructures are well documented. However, factors impacting outcomes on both communities and individuals remain unclear. For his…","Citation: de la Roche L, Fuentes CG, Jafry AZ, Adepoju OE (2025) Seeing is believing: Understanding the experiences and needs of marginalized communities living through successive disasters using pho… [+54821 chars]",https://journals.plos.org/plosone/article?id=10.1371/journal.pone.0337532,2025-11-26T14:00:00Z,introduction reports indicate increasing prevalence rates of successive natural disasters and the negative impact on existing infrastructures are well documented however factors impacting outcomes on both communities and individuals remain unclear for his,-0.09999999999999999,Neutral
BABBLER: Balen’s Status,"By Babbler There have been rumors that Kathmandu Metropolitan City Mayor Balen Shah is a marijuana-addicted youth. Normally, we do […]
The post BABBLER: Balen’s Status appeared first on Peoples' Review.","By Babbler
There have been rumors that Kathmandu Metropolitan City Mayor Balen Shah is a marijuana-addicted youth. Normally, we do not peep into anyones personal life; however, when a person holding… [+9680 chars]",https://mypeoplesreview.com/2025/11/05/babbler-balens-status/,2025-11-05T08:36:00Z,"by babbler there have been rumors that kathmandu metropolitan city mayor balen shah is a marijuanaaddicted youth normally we do 
the post babbler balens status appeared first on peoples review",0.2,Positive
Economic Digest: Nepal’s Business News in a Snap,"KATHMANDU: Economic Digest offers a concise yet comprehensive overview of significant business happenings in Nepal, presented in easily digestible summaries. Nepal’s economy is showing mixed and often conflicting signals, with the government pushing new finan…","KATHMANDU: Economic Digest offers a concise yet comprehensive overview of significant business happenings in Nepal, presented in easily digestible summaries.
Nepals economy is showing mixed and ofte… [+11093 chars]",https://english.khabarhub.com/2025/16/506278/,2025-11-16T02:15:02Z,kathmandu economic digest offers a concise yet comprehensive overview of significant business happenings in nepal presented in easily digestible summaries nepals economy is showing mixed and often conflicting signals with the government pushing new finan,0.1920995670995671,Positive
Today’s News in a Nutshell,"KATHMANDU: Khabarhub brings you a glimpse of major developments of the day in Nepal, including politics, business/economy, sports, entertainment, and more. NPL 2025: Sudurpaschim defeats Pokhara by 18 runs Sudurpaschim Royals defeated Pokhara Avengers by 18 r…","KATHMANDU: Khabarhub brings you a glimpse of major developments of the day in Nepal, including politics, business/economy, sports, entertainment, and more.
NPL 2025: Sudurpaschim defeats Pokhara by … [+16886 chars]",https://english.khabarhub.com/2025/21/507021/,2025-11-21T16:15:39Z,kathmandu khabarhub brings you a glimpse of major developments of the day in nepal including politics businesseconomy sports entertainment and more npl 2025 sudurpaschim defeats pokhara by 18 runs sudurpaschim royals defeated pokhara avengers by 18 r,0.28125,Positive
Freight on Track: Unlocking Kashmir’s Economic Potential,"Nasir Farooq Khan & Prof. Ravij Seth, Professor of PracticeThe scenic valleys of Kashmir have long mesmerized tourists and nurtured some of the finest horticultural produce in India. Yet, beneath the breathtaking beauty lies a stark reality, Kashmir’s lifelin…","Nasir Farooq Khan &amp; Prof. Ravij Seth, Professor of PracticeThe scenic valleys of Kashmir have long mesmerized tourists and nurtured some of the finest horticultural produce in India. Yet, beneath… [+4397 chars]",https://statetimes.in/freight-on-track-unlocking-kashmirs-economic-potential/,2025-11-07T18:10:49Z,nasir farooq khan  prof ravij seth professor of practicethe scenic valleys of kashmir have long mesmerized tourists and nurtured some of the finest horticultural produce in india yet beneath the breathtaking beauty lies a stark reality kashmirs lifelin,0.25,Positive
Bangladesh’s Paradox: Profitable Booze Amidst Islamic Revival,"Unexpected Success: Bangladesh’s State-Owned Distillery Thrives Amidst Religious Restrictions In Bangladesh, a Muslim-majority country where Islamist forces are increasingly politically active, the sweet scent of syrup fills the air around the country’s only …","Unexpected Success: Bangladesh’s State-Owned Distillery Thrives Amidst Religious Restrictions
In Bangladesh, a Muslim-majority country where Islamist forces are increasingly politically active, the … [+4327 chars]",https://nep123.com/bangladeshs-paradox-profitable-booze-amidst-islamic-revival/,2025-11-12T11:20:29Z,unexpected success bangladeshs stateowned distillery thrives amidst religious restrictions in bangladesh a muslimmajority country where islamist forces are increasingly politically active the sweet scent of syrup fills the air around the countrys only,0.10277777777777779,Positive
Economic Digest: Nepal’s Business News in a Snap,"KATHMANDU: Economic Digest offers a concise yet comprehensive overview of significant business happenings in Nepal, presented in easily digestible summaries. Nepal’s economy reflected mixed but largely positive momentum this week, with the Nepal Stock Exchang…","KATHMANDU: Economic Digest offers a concise yet comprehensive overview of significant business happenings in Nepal, presented in easily digestible summaries.
Nepals economy reflected mixed but large… [+9207 chars]",https://english.khabarhub.com/2025/03/504069/,2025-11-03T02:15:01Z,kathmandu economic digest offers a concise yet comprehensive overview of significant business happenings in nepal presented in easily digestible summaries nepals economy reflected mixed but largely positive momentum this week with the nepal stock exchang,0.20508658008658012,Positive
"D-8 establishes new bridge for connecting, formulating economic routes","In December 2024, D-8 membership officially accepted Azerbaijan as the 9th member of the organization at the 8th Summit of the D-8 held in Cairo, ...","Jakarta (ANTARA) - In December 2024, D-8 membership officially accepted Azerbaijan as the 9th member of the organization at the 8th Summit of the D-8 held in Cairo, Egypt.Its full membership process … [+6343 chars]",https://en.antaranews.com/news/392705/d-8-establishes-new-bridge-for-connecting-formulating-economic-routes,2025-11-19T11:51:16Z,in december 2024 d8 membership officially accepted azerbaijan as the 9th member of the organization at the 8th summit of the d8 held in cairo,0.0,Neutral
Sri Lanka Launches National Productivity Master Plan to Power Next Decade of Growth,"-On 20 November 2025, the Government of Sri Lanka officially launched the National Productivity Master Plan, a five-year roadmap designed to shift the country ...","Colombo, Sri Lanka--(ANTARA/Business Wire)--On 20 November 2025, the Government of Sri Lanka officially launched the National Productivity Master Plan, a five-year roadmap designed to shift the count… [+4086 chars]",https://en.antaranews.com/news/393069/sri-lanka-launches-national-productivity-master-plan-to-power-next-decade-of-growth,2025-11-22T03:40:59Z,on 20 november 2025 the government of sri lanka officially launched the national productivity master plan a fiveyear roadmap designed to shift the country,0.0,Neutral
Today’s News in a Nutshell,"KATHMANDU: Khabarhub brings you a glimpse of major developments of the day in Nepal, including politics, business/economy, sports, entertainment, and more. PM directs vigilance centre to take strong preventive measures against corruption The National Vigilanc…","KATHMANDU: Khabarhub brings you a glimpse of major developments of the day in Nepal, including politics, business/economy, sports, entertainment, and more.
PM directs vigilance centre to take strong… [+10239 chars]",https://english.khabarhub.com/2025/17/506471/,2025-11-17T16:15:50Z,kathmandu khabarhub brings you a glimpse of major developments of the day in nepal including politics businesseconomy sports entertainment and more pm directs vigilance centre to take strong preventive measures against corruption the national vigilanc,0.33194444444444443,Positive
Economic Digest: Nepal’s Business News in a Snap,"KATHMANDU: Economic Digest offers a concise yet comprehensive overview of significant business happenings in Nepal, presented in easily digestible summaries. Nepal’s current economic landscape reflects a mix of cautious optimism and deep structural strains: w…","KATHMANDU: Economic Digest offers a concise yet comprehensive overview of significant business happenings in Nepal, presented in easily digestible summaries.
Nepals current economic landscape reflec… [+13887 chars]",https://english.khabarhub.com/2025/23/507262/,2025-11-23T02:15:35Z,kathmandu economic digest offers a concise yet comprehensive overview of significant business happenings in nepal presented in easily digestible summaries nepals current economic landscape reflects a mix of cautious optimism and deep structural strains w,0.17604166666666668,Positive
NE inland waterways get Rs 3000 Cr boost as IWAI signs multiple MoUs,"The Inland Waterways Authority of India (IWAI) has inked a series of memoranda of understanding (MoUs) worth Rs 3,000 crore aimed at accelerating inland water transport and industrial connectivity across the Northeast.  The agreements—one with Assam Petro-Che…","Syllad | The Rising MeghalayaNovember 21, 2025
The Inland Waterways Authority of India (IWAI) has inked a series of memoranda of understanding (MoUs) worth Rs 3,000 crore aimed at accelerating inlan… [+9748 chars]",https://www.syllad.com/ne-inland-waterways-get-rs-3000-cr-boost-as-iwai-signs-multiple-mous/,2025-11-21T17:06:48Z,the inland waterways authority of india iwai has inked a series of memoranda of understanding mous worth rs 3000 crore aimed at accelerating inland water transport and industrial connectivity across the northeast  the agreementsone with assam petroche,0.3,Positive
